{
  "description": "District-level mean CHI trend 2005-2030 under three SSP scenarios. Derived from NEX-GDDP-CMIP6 ensemble median, bias-corrected against IMD 1985-2014 baseline.",
  "scenarios": {
    "ssp126": {
      "years": [
        2005,
        2006,
        2007,
        2008,
        2009,
        2010,
        2011,
        2012,
        2013,
        2014,
        2015,
        2016,
        2017,
        2018,
        2019,
        2020,
        2021,
        2022,
        2023,
        2024,
        2025,
        2026,
        2027,
        2028,
        2029,
        2030
      ],
      "chi_values": [
        0.50295,
        0.502244,
        0.503369,
        0.503513,
        0.503365,
        0.503361,
        0.502894,
        0.503292,
        0.503306,
        0.502821,
        0.502662,
        0.503571,
        0.502876,
        0.503168,
        0.503035,
        0.503139,
        0.503295,
        0.507491,
        0.503251,
        0.503118,
        0.50328,
        0.503623,
        0.503511,
        0.503587,
        0.50186,
        0.503309
      ],
      "trend_slope_per_year": 1.789e-05,
      "trend_r2": 0.0209,
      "chi_2005": 0.50295,
      "chi_2030": 0.503309,
      "chi_change": 0.00036
    },
    "ssp245": {
      "years": [
        2005,
        2006,
        2007,
        2008,
        2009,
        2010,
        2011,
        2012,
        2013,
        2014,
        2015,
        2016,
        2017,
        2018,
        2019,
        2020,
        2021,
        2022,
        2023,
        2024,
        2025,
        2026,
        2027,
        2028,
        2029,
        2030
      ],
      "chi_values": [
        0.503326,
        0.503082,
        0.503495,
        0.503737,
        0.503625,
        0.50324,
        0.503327,
        0.504724,
        0.503307,
        0.503556,
        0.503199,
        0.503025,
        0.503443,
        0.503321,
        0.502828,
        0.503635,
        0.503564,
        0.505315,
        0.50356,
        0.502801,
        0.503311,
        0.50365,
        0.503319,
        0.503226,
        0.503287,
        0.503742
      ],
      "trend_slope_per_year": 1.01e-06,
      "trend_r2": 0.0002,
      "chi_2005": 0.503326,
      "chi_2030": 0.503742,
      "chi_change": 0.000415,
      "delta_vs_ssp126": [
        0.000376,
        0.000838,
        0.000126,
        0.000224,
        0.00026,
        -0.000121,
        0.000433,
        0.001432,
        1e-06,
        0.000735,
        0.000537,
        -0.000546,
        0.000567,
        0.000153,
        -0.000207,
        0.000496,
        0.000269,
        -0.002176,
        0.000309,
        -0.000317,
        3.1e-05,
        2.7e-05,
        -0.000192,
        -0.000361,
        0.001427,
        0.000433
      ]
    },
    "ssp585": {
      "years": [
        2005,
        2006,
        2007,
        2008,
        2009,
        2010,
        2011,
        2012,
        2013,
        2014,
        2015,
        2016,
        2017,
        2018,
        2019,
        2020,
        2021,
        2022,
        2023,
        2024,
        2025,
        2026,
        2027,
        2028,
        2029,
        2030
      ],
      "chi_values": [
        0.507273,
        0.50444,
        0.50213,
        0.503187,
        0.502548,
        0.503506,
        0.502901,
        0.503045,
        0.503083,
        0.503749,
        0.503697,
        0.503114,
        0.50279,
        0.503059,
        0.503011,
        0.508812,
        0.503256,
        0.502643,
        0.503501,
        0.502429,
        0.508365,
        0.503062,
        0.502375,
        0.503737,
        0.503032,
        0.503458
      ],
      "trend_slope_per_year": -3.69e-06,
      "trend_r2": 0.0003,
      "chi_2005": 0.507273,
      "chi_2030": 0.503458,
      "chi_change": -0.003815,
      "delta_vs_ssp126": [
        0.004323,
        0.002196,
        -0.001239,
        -0.000326,
        -0.000817,
        0.000145,
        7e-06,
        -0.000247,
        -0.000223,
        0.000928,
        0.001035,
        -0.000457,
        -8.6e-05,
        -0.000109,
        -2.4e-05,
        0.005673,
        -3.9e-05,
        -0.004848,
        0.00025,
        -0.000689,
        0.005085,
        -0.000561,
        -0.001136,
        0.00015,
        0.001172,
        0.000149
      ]
    }
  },
  "scenario_labels": {
    "ssp126": "SSP1-2.6 (Sustainability pathway)",
    "ssp245": "SSP2-4.5 (Middle-of-the-road)",
    "ssp585": "SSP5-8.5 (Fossil-fuelled development)"
  }
}